tweet_id,label,author,content,manual_label,label_1,label_2
149336061674397697,anger,Jrp_Lhdc,Janelle's moms voice gets on my damn nerves!,explicit anger,anger,no_irony
146713668439117824,anger,RLDossett,That one person you'll always have a soft spot for.,normal,no_anger,no_irony
142799420197568512,no_anger,steffframos,Out with the bests @katiebarbar @clozanooo #love,normal,no_anger,no_irony
149216069196857345,anger,BobbOHansen,I hate when I get stuck at every red light possible and stuck behind every single school bus!,explicit anger,anger,no_irony
146023748749897728,anger,ashf0ster,What is wrong with my Netflix?!,explicit anger,anger,no_irony
146757876470394880,no_irony,MunaAdenine,Watching Sam featuring Glee #happy,normal,no_anger,no_irony
148406536123842560,no_irony,Omfgits_Alex,7 Days Until Christmas!!! :DD  #Excited,normal,no_anger,no_irony
808718622919131137,irony,126Turned,of the day: @BillCosby is going to court and @realDonaldTrump is holding court.,irony,no_anger,irony
135812831751839744,no_irony,Sliim_Tee,‚Äú@MzShoeShoppa: @MissT650 hope it goes away soon! Cya this evening #excited‚Äù,normal,no_anger,no_irony
810646977822265344,irony,NEO_Spotlight,The Top 25 should be easy to put together for tomorrow üòÖ   #helpme,irony,no_anger,irony
142662917559566336,anger,spursgal21,"@lovinlyrics omg people complain all the time b/c I dont answer but thats why, conversations lasting more than 5 minutes",explicit anger,anger,no_irony
139910897295556608,no_irony,BriarCronise,Tomorrow should be fun. (: #excited.,normal,no_anger,no_irony
143546619843973122,no_irony,corywinegardner,bottle of wine down...feeling #honest #loving #flirty,normal,no_anger,no_irony
143916456176922624,no_anger,_ashleyynichole,today was a really good day(: and it's a monday. #surprised,normal,no_anger,no_irony
141197586014027776,anger,Kayleen_Babyx3,cnt stand wen ppl txt me jus for a ride its so,explicit anger,anger,no_irony
148863623400402945,anger,KelseyMichellex,I'm really getting irritated with people today.,explicit anger,anger,no_irony
1964215610,no_anger,EmmettMcCardy,"@RosalieJHale I'm fine, I've just been trying to figure out the meaning behind this song, and I cant think of anything.  urlm.in/cnmt",normal,no_anger,no_irony
143863284402094080,no_irony,jodie_kozler,#artistofthedecade . number 10 ; keith urban #love,normal,no_anger,no_irony
140167299737989120,no_irony,Mrs_Moscato,O and so I can have a drink...#nervous,normal,no_anger,no_irony
1694035916,no_anger,PEdmund,Watching Dr. Horrible with @Bobwieck. @jenhansen don't be mad!,normal,no_anger,no_irony
138331161121398784,no_irony,mahtabazimi,@peritestweets you two are so cute!! #love,normal,no_anger,no_irony
147725502738743296,anger,TonyBarbalach,@nick_barrese it's ok after break its time to finally,normal,no_anger,no_irony
1958045330,no_anger,becca_uk,@rookiepaul that doesnt sound like a good situation,normal,no_anger,no_irony
1753774056,no_anger,iOriana,I can Rome without Ceasar,normal,no_anger,no_irony
1960137406,anger,Nikandjb,"@Greenwichlad Oh let me clarify,know lots of nice people who live there, but thought it always was a breeding ground 4 BNP",normal,no_anger,no_irony
147774685617197056,anger,eeyrooie,whahaha ow hell he did not just do the jared leto ctte stage dancetwist (as i like to call it),normal,no_anger,no_irony
144534728526135296,anger,TheRealEminence,Head itching and don't have time to wash it right now.,normal,no_anger,no_irony
148174069144109058,anger,MitchellBartle,If your going to text me first you better send more than one word messages and at least try to carry on a conversation.,explicit anger,anger,no_irony
813757979442999298,no_irony,gary_lankford,@AdsByFlaherty   much? @NewRepublic,normal,no_anger,no_irony
1752257962,no_irony,melifast,@melgreco thanks for coming in tonight  it made me so happy,normal,no_anger,no_irony
1695249675,no_anger,panicgirl,http://twitpic.com/4jgro - me again,normal,no_anger,no_irony
144480203589160960,no_irony,thatCHICDEE_duh,The weather explains how I feel today.... #SAD :-(,normal,no_anger,no_irony
1751325221,no_anger,katerbater,@Joel_Hayes I'm at sharkeez!,normal,no_anger,no_irony
145637995163299840,no_anger,kaybobst,My chick bad. My chick hood. My chick do stuff that yo chick wish she could. #jammin #love,normal,no_anger,no_irony
138782865444974593,anger,araqnid_,Does anyone know how to turn the sound off of the #gmail app on #iOS. It keeps making the tri-tone sound whenever I get email...,normal,no_anger,no_irony
143405683147157504,no_irony,andy9kiwi,Hopefully getting a new car #excitement,normal,no_anger,no_irony
1752352491,no_anger,DavidMRainwater,@smiley49 I did the same thing in NOLA,normal,no_anger,no_irony
140298206440468481,no_irony,MeganKnightt,When your parents cut you some slack and help you out! #thankful.,normal,no_anger,no_irony
144081449170116608,anger,Gix_vs_Bryan,Ugh does ANYBODY know where to find the Leapfrog LeapPad,normal,no_anger,no_irony
136506388988960768,no_anger,colleenfalvo,@TaraGroper I finished 1 season in a day #sad,normal,no_anger,no_irony
144609705187217409,no_irony,its_toriiii,Hmm; can't wait till next week(:  #excited ..,normal,no_anger,no_irony
136928853410054144,anger,annairbbradley,"Annoying bitches, my ipod's volume cant cancel out your bar laughs.  ...",explicit anger,anger,no_irony
136641923078303744,no_anger,JessicaMDunne,god you're JUST like every other person. #thoughtyouweredifferent #sad,explicit anger,anger,no_irony
147308421895569408,no_irony,Shelllbyyyy,I'm fresherrr than a motherfuckaa' (: #happy.,normal,no_anger,no_irony
139184193438613505,no_anger,chelle_smith32,Feels good to be home. #LOVE,normal,no_anger,no_irony
145634991076950016,no_irony,shalford89,Last night in Knoxville for quite awhile #depressing,normal,no_anger,no_irony
1963395345,no_anger,sparklingly,omg maddie in holby is dead. Gutted. loved Nadine lewington and really wanted Maddie and Clifford to get together,normal,no_anger,no_irony
142044230871826434,no_irony,davesobey,Everything is coming together #exciting,normal,no_anger,no_irony
135213290627399680,anger,King_xxiiiB,Im So Tired Of People Asking Me When Im Losing My Virginity...,explicit anger,anger,no_irony
814353010772033536,no_irony,myscribblings,RT @Archies_Online: Tell us the best sarcastic one-liner that you‚Äôve heard!   #ThingsWeThink https://t.co/Mn5dTrwlwl,normal,no_anger,no_irony
146059689719906304,no_anger,WillThomasG,Damn so thats kinda #hurt,normal,no_anger,no_irony
1962715577,no_irony,HeyAshleyHey,Oh my god. I literally drove in rain that was so hard that i couldn't see in front of me. I'm shaking,normal,no_anger,no_irony
1961281804,no_anger,missvmarie,"@mariamariamaria i'm sorry you aren't feeling too good, mama  I'm heading up today @ 4, i'll be calling you ..",normal,no_anger,no_irony
149456265586806784,no_irony,KatieMaeSmith,"Welp, I can say I did this now... #disappointed",normal,no_anger,no_irony
144038897100398592,no_irony,februaryfifteen,no rest for the weary  #sistersitting #family #love,normal,no_anger,no_irony
135841762701873152,no_irony,aliadestinyjo,what are the lions doing?#disappointed,normal,no_anger,no_irony
1753648822,no_irony,ViolaMaths,Listening to Mendelssohn - Italian Symphony.  Lovely.,normal,no_anger,no_irony
136595854512496640,no_anger,Mackenzie_DeAnn,You make me smile more than i have in a while! #happy,normal,no_anger,no_irony
134833535889580033,no_irony,maggie_malone,Roommates leaving.sucks.. Two nights with the man. #excited,normal,no_anger,no_irony
145483158069063681,no_anger,priddylandon,Phase two today. #nervous #dominate,normal,no_anger,no_irony
137664564899758080,no_irony,Tatum_brumfield,Just got my phone text me your name & number #happy,normal,no_anger,no_irony
1751538889,no_irony,nathjoh2,loven the rs ftw pvp is bac,normal,no_anger,no_irony
140618229772058624,anger,TopeYO,I love wakin up to my car gone and when that person comes back...they lose ALL MY KEYS!...Oh and then proceded to blame me!!! WTF?!,explicit anger,anger,no_irony
138796822750703618,no_irony,TimBakerHR,@BonniToronto @ArezooMeno I think that we need to meet and get some ideas together...I'm new to the whole Unconf thing #Nervous #GLHRWine,normal,no_anger,no_irony
136496432512376833,no_irony,LiamLuton,"@FranksForFollow haha also known across the country for having a naughty firm, and starting the biggest movement in england...EDL  #Proud !",normal,no_anger,no_irony
148527546445737984,no_anger,1ofa_kindsai,"@ mercados , then bouta put up sakiras tent she got for her bday n have movie night w. my princess :) #Excited lol",normal,no_anger,no_irony
139747391686443008,no_irony,Stephon_Dingle,10 minutes til its time to serve! #excited,normal,no_anger,no_irony
143529794863247362,no_anger,CarltonWins,how I just get the ultimate sice...nigga at bo dillaz just handed me my food and didn't even pay üòÇüòÇüòÇ #love,normal,no_anger,no_irony
1962267784,no_irony,yoha_ahoy,@theNetImp yeah... it's gonna be a long while for me.,normal,no_anger,no_irony
141945899206180864,anger,___mynamesdiana,hate supply teachers who actually give a fuck,explicit anger,anger,no_irony
141193277603987458,no_irony,Erica_Treais,#bonobo FRIDAY @okrfoto ready to rage?!? #livemusic and #love,normal,no_anger,no_irony
142206516458557440,no_anger,rizkachristanti,I'm SO BORED!!   #sad,normal,no_anger,no_irony
1753178320,no_irony,tommylane,"@misscupcake Of course. I'd send it to you, but I don't think it would survive the trip.",normal,no_anger,no_irony
148897360108453888,no_anger,ChadDenbrock,Wish i had a girl to watch christmas movies with. #Lonely,normal,no_anger,no_irony
138812942035587072,anger,amandahines11,Who else hates the way Chanel from ridiculousness laughs?!,explicit anger,anger,no_irony
1961694432,no_anger,LMarle,"@xac Reminders are good! Speaking of which, we haven't had a Posture Check in awhile.....",normal,no_anger,no_irony
1751752161,no_irony,btwilyrose,over him  finally,normal,no_anger,no_irony
808055303786725376,irony,blakemurphy7,"Smart move by Arians to disguise Drew Butler in a Dolphins uniform on that punt, well-timed.",irony,no_anger,irony
1963457379,no_anger,charliebrand,Editing video in the van. I'm a little hungry and depressed that I didn't see Up yet.,normal,no_anger,no_irony
144408196675665920,anger,JustGeorgieH,Why do I always pick the queue with the dikheads that don't have pricetags,explicit anger,anger,no_irony
145336883193458688,no_irony,Emma_StylesXO,Not at a computer. Cant stalk @Harry_Styles on the comp. #SAD,normal,no_anger,no_irony
149550844021456896,no_irony,lindysayy,CSI Is my ishhhh #love,normal,no_anger,no_irony
136843864328781824,anger,TammyLynne_,Fuck you dunkin I despise when you put cream cheese on my bagel.....,explicit anger,anger,no_irony
1753903039,no_irony,Rob2805,is going to spend the day with the in laws,normal,no_anger,no_irony
145526251069767680,anger,McKennaZim,"If you keep texting me, and I don't text you back, I obviously don't want to talk to you.",explicit anger,anger,no_irony
136961632336228352,anger,LoveMalix143,Is the government being cereal with me on this censoring? NO NOBODY CAN EVER TAKE MY INTERNET!.   #DumbInternetCensoring.,explicit anger,anger,no_irony
1961222929,no_irony,xoxVinaxox,i'm soooo tired i have to study for all of my subjects ..... history is gonna be SO hard!!!! &gt;.&lt; help me!,normal,no_anger,no_irony
148538706008080384,no_anger,lintors,Breaking up is hard to do :( #depressed,normal,no_anger,no_irony
139956979257974784,no_anger,DaBratDoll,@DaChinaDoll_24: Got a bed...but I rather sleep on the Couch....#SAD....,normal,no_anger,no_irony
144624951901687808,no_anger,VadaJames,Ever walk into your job and feel like you're gonna get fired on a daily basis. Yep...that's me. #uneasy,normal,no_anger,no_irony
142860979959631872,no_anger,simoneperes__,Just made myself some French toast with banana and cinnamon for afternoon tea #delightful,normal,no_anger,no_irony
147997686430310400,no_irony,stunna_mamacita,Performance No.2 today with @stratfordeast singers :) #Excited,normal,no_anger,no_irony
1694164515,no_irony,Hannes82,"Haha! just overheard on the us. 3 yrold to mom &quot;mom, I think I should learn to read today&quot;",normal,no_anger,no_irony
809417734412967936,no_irony,MaddiFrancescaF,When @SkyUK don't give you the free tv you signed up for because their customer advisor failed to advise me to claim for it,repressed anger,anger,irony
816648260437807105,no_irony,siobhang,I look like a Witness today. But I'm super comfortable.  ?,normal,no_anger,no_irony
817842657032433664,no_irony,JennReimer14,"I don't like honey or mustard, but I LOVE me some honey mustard!   https://t.co/ajqpmD67X9",normal,no_anger,no_irony
148151208538935296,no_anger,BlondeNBlueEyed,I wonder if he died.. Or maybe he found something better.. #worrying #growl,normal,no_anger,no_irony
809267266403475457,irony,cwaughweather,The GEM has 15-20 cm of snow followed by nearly 100 mm of rain beginning overnight Saturday. That would be just great...,repressed anger,anger,irony
147950036452507648,anger,Mrs_Wavy,Guys that act like bitches -_-,explicit anger,anger,no_irony
808478677516353538,irony,MaySBa_EHS,@cam294cam @MikeLoBurgio @Aundria_Hamby MayB then we can become communist workers & there'll B a revolution? Lenin has thumbs up,irony,no_anger,irony
143021229979353088,no_irony,InkedUpBytch,My faith is too strong to stop or turn around. #thankful #blessed,normal,no_anger,no_irony
1751886586,no_anger,stevegarufi,@Pamela_Edwards Heh heh. Odd but amusing. Thanks!,normal,no_anger,no_irony
1753600431,no_irony,iNinja2009,"@lesley007 morning sweetie, you cool?  xxx",normal,no_anger,no_irony
1964750640,no_irony,Ernestinetham,drinking lemsip cause apaently i need ittt! IM NOT SICK,normal,no_anger,no_irony
139571165583785984,no_irony,makalieholman,And this is when the truth comes out #hurt,normal,no_anger,no_irony
1752503701,no_anger,elliespitza,one more final,normal,no_anger,no_irony
140129028718866433,no_irony,kerry_me_away,"@WanaFreeburger @sydneysanzone @beccaEreedo @heyerika86 oh my goodness... you need to bring that. if you dont, i'll be #disappointed",normal,no_anger,no_irony
136918230051717121,anger,CrazySexyCoo1,I wish.. i wish.. i wish.. I NEVER gave him my number!!!   -_-,explicit anger,anger,no_irony
146443057015959552,no_irony,Liquid_Lights,This weekend? Nero show- One month with my Doll- Weekend trip to Whiteface and Gore Mountains! #excitement,normal,no_anger,no_irony
142035432320942080,anger,idgafAboutYou_,Theres this one girl in my Life Choices class that i just wanna snuff in the mouth everytime she says something !!   .,explicit anger,anger,no_irony
136651443938660352,no_anger,kimberlyyyya,Whooo! I got a 3rd honor! :))) #PROUD,normal,no_anger,no_irony
147387848843206656,anger,The_JalenSeals,For the people that keep saying that coach kelly is leaving. HE IS NOT AND WILL BE BACK NEXT YEAR!!   #stopsayinthat,normal,no_anger,no_irony
812353890343653377,no_irony,jackieeeee_7,@livalicejarvis @RyanSynnott95 she just asked me how to spell imbecile then decided not to put it   #idiot,repressed anger,anger,irony
1964975761,no_irony,sandy2709,I am sitting here taking a little break and trying to recharge so I can continue housework,normal,no_anger,no_irony
135457006726283265,no_anger,KenRoczen94,@RockwellWatches hooking me up with watches again for upcoming year:-) #happy,normal,no_anger,no_irony
147423694849974272,no_irony,gracemaskarinec,All the kiddies were indoors today. #disappointing.,normal,no_anger,no_irony
809389951435599872,no_irony,swissgleek91,"@TheRealShantel ""His name's Barry"" cracks me up now #GoldenChristmas #TheFlash   üòÇ Heather is precious, love you <3",normal,no_anger,no_irony
145655764772593664,no_anger,KKPennxoxo,Watching Santa Claus! :) I will always love it :) #happy,normal,no_anger,no_irony
1957349011,no_irony,rasyraminey,Algebra test in three hours!,normal,no_anger,no_irony
813997943514599424,irony,DaveMuscarella,There's nothing I enjoy doing more in life then wasting time online correcting people's grammar.,repressed anger,anger,irony
140987546128748544,anger,CharleyBravoJr,@EnticingRED7 between them and dude suckin their own schlongs,explicit anger,anger,no_irony
816218883421896704,no_irony,lindley_mc,@farenthold Backroom gutting of the Ethics committee; already preparing for Trump?You're a disgrace! #OfficeOfCongressionalEthics,explicit anger,anger,no_irony
808326839106031616,no_irony,darrensherwood,"If I see one more fucking ""you can do anything, don't give up"" tweet, I am quitting Twitter",explicit anger,anger,no_irony
141263803038961664,anger,MsJaneeB,I cant deal with you or your ego,explicit anger,anger,no_irony
812037228142755841,no_irony,JustineTruth,the amount of   here https://t.co/fW7Xeruzvk,normal,no_anger,no_irony
143182092489076736,no_anger,Nisha_DGAF23,dont know how im a handle her bn gone for a week *tear* that is my princess and she always with me #sad,normal,no_anger,no_irony
144764952685719552,no_anger,SwagguhBarbii,iWish iWaslayn next to em so he can hol me & we can watch a movie 2getha =) #LOVE,normal,no_anger,no_irony
139405118914310144,no_anger,curcur38,Why can't downtown Athens be as clean as moultrie #sad #woulditkillyoutopressurewash,normal,no_anger,no_irony
148875485106020352,anger,Slick73,Why am I getting so much spam!!?,explicit anger,anger,no_irony
144181258040258560,no_anger,craigoedwards,I really enjoy the programme How It's Made #sad,normal,no_anger,no_irony
149290597780430848,no_anger,kkkelly_diaz,Going on a walk #sad #cantdothisanymore,normal,no_anger,no_irony
144082086180040704,no_irony,fashiondatfits,"okay, my finger seriously needs to stop bleeding so i can try on my @CityChicOnline purchases. #excitement",normal,no_anger,no_irony
815767760529747968,irony,sadhuvaad,"RT @Kaviadhbhut: Rs.6,000 to be given to pregnant women .. now thats called cash on delivery.üòÉ",irony,no_anger,irony
808685957721374720,irony,blindsuperman,"Creating ""safe spaces"" will DEFINITELY Make Colleges Diverse! Also no religious speak!!",repressed anger,anger,irony
144042381518446592,anger,LBabess,People on the train make me wanna puke,explicit anger,anger,no_irony
1751288519,no_irony,WOAHAmber,"We did it last year right around the time The Black Parade is Dead! came out. Awesome times, man.",normal,no_anger,no_irony
144582178574053377,anger,kristinejoys,Having a really bad morning.,normal,no_anger,no_irony
143444530128101376,anger,captain_morgg,"#20FactosAboutMe doesnt belong on the time line, take it to facebook.",normal,no_anger,no_irony
138688873709580289,no_irony,michaeloh06,@gormanmark Christmas gatt is approaching. #exciting,normal,no_anger,no_irony
135869254988861440,no_anger,KaylaKnappFOX,One week til the MLS Cup. Gonna be a long seven days! #Anxious #LAGalaxy,normal,no_anger,no_irony
145300152595398656,anger,TL428,tonight should be boring as hell unless @MBruno77 gets his ass here #superbowl #calltaxi,normal,no_anger,no_irony
1964873841,no_irony,teainwonderland,misses Nanny.,normal,no_anger,no_irony
141127923053760513,no_irony,DarellWilliams1,GOOD MORNING!! For some odd reason I am wide awake ... I don't even have to work til noon #sad,normal,no_anger,no_irony
146588733989322752,anger,Mr_Rwien,Looking at a woman smoking in front of me...,normal,no_anger,no_irony
139893227183542272,no_anger,sorrymsjackson6,"Live without pretending, Love without depending, Listen without defending, Speak without offending -Drake #love",normal,no_anger,no_irony
1695729784,no_anger,Cee_you_and_tea,HE SAID IT  HE ACTUALLY SAID IT and I think I'm gonna cry now. &lt;3,normal,no_anger,no_irony
808028707784781825,irony,AlinaChristine,Yaaay so ready to lose another game today!!!‚ù§Ô∏èüíõ‚ù§Ô∏èüíõ‚ù§Ô∏è @49ers   üòí,repressed anger,anger,irony
147906446821044225,anger,hotchellyraee,I liked a Facebook post. That's it. Why are you starting drama over that? You had #nothing to do with ittttt.,explicit anger,anger,no_irony
138690502693363712,anger,jessadducci,"Why, oh why, do I have to aim for AWESOME!!!!! when shopping for Christmas gifts? #challenge   #theholidays",normal,no_anger,no_irony
1963961555,no_anger,_NickT,@citizenDave You're not going? Awww,normal,no_anger,no_irony
142449954542190592,no_anger,newyorkminutes,"@DeusExCinema Aw, I love it when you do theatre-y things with me after I do filmy things with you. #love #compromise",normal,no_anger,no_irony
141182676404154368,anger,DaYellowDiamond,I have a major attitude this morning. Im sick and tired of ppl and their ignorance,explicit anger,anger,no_irony
139031662104281088,no_anger,dfac_g00ner,Five guys one bathroom #exciting,irony,no_anger,irony
139606409271713792,no_irony,Gravener14,I seriously fucking hate waking up wen its dark..go to work in the dark come home in the dark #depressing,explicit anger,anger,no_irony
148111312822616065,anger,bayyyhar,when people ignore your messages when they message you ffirst,repressed anger,anger,irony
146387208763473920,no_anger,akbreezyy,I forgot how funny spongebob was. #love,normal,no_anger,no_irony
135387009119301633,no_anger,amcossio,I'm gonna need to throw up and cry before showing this person my pictures #whatiftheyhateit #nervous,normal,no_anger,no_irony
1752351863,no_anger,wolstenclark,"Going to bed. Today was another good, if uneventful day.",normal,no_anger,no_irony
136599059615072256,no_irony,JoeDeBone,@thedearjason Random thought... Can't wait for our bro date where we go pick out a xmas tree... #HUGE #TOOBIG #love,normal,no_anger,no_irony
137015890507071488,anger,T_Rogers15,My moms in suck a bitchy mood. Get over yourself! Shit,explicit anger,anger,no_irony
146033927960793088,anger,ohsnapitzjulaay,I swear this boy so difficult,explicit anger,anger,no_irony
1961746208,no_anger,jenthegingerkid,"@MBLeah Unfortunately, no.",normal,no_anger,no_irony
142331061370753024,anger,KQuigley10,I hate chem and everything/everyone associated with it! #pissed,explicit anger,anger,no_irony
149675500300804097,anger,TuesdayJannell,Not doing this no more.,normal,no_anger,no_irony
147150817806389248,no_anger,MacDaddyK_,Do not want to go through this again #nervous,normal,no_anger,no_irony
139657180558274561,no_irony,ricckreckks,"Dude, Twitter is dead at 2:50 A.M.#Lonely :p",normal,no_anger,no_irony
145294587823534080,anger,LarryHoovrr,"If You Didn't Do Stupid Shit, Then i Wouldn't Have Any Reason To Give You An Attitude!  !",explicit anger,anger,no_irony
137377378388291584,no_irony,JaneshaLaTrice,So I fell asleep before ordering my new phone. Now the earliest I can get one is Monday. #Depressed,normal,no_anger,no_irony
145732816414588929,no_anger,Gucci_Filet,Im really tired but I'm waiting for Cameron to get off work #love,normal,no_anger,no_irony
138783878314868736,no_anger,Jenjenamazin,I look over and both my parents are on their iPhones..shouldn't it be the other way around? #sad #theygrowupsofast,irony,no_anger,irony
1753804905,no_anger,Janyenorth,"Good Morning Tweets, I like lazy sundays",normal,no_anger,no_irony
135977040854786048,no_irony,allBRITTallday,THANKSGIVING WIT DA BAI & MY FAMILY #EXCITED,normal,no_anger,no_irony
138972605557387265,anger,theatregeek48,Spamfneekmfandkwkf I have no motivation #studious,normal,no_anger,no_irony
1965880406,no_irony,dohtay,Off to ambers...a weekend of labour and hard work ahead!,normal,no_anger,no_irony
144504156852457472,no_anger,captaincjm,"#Crossfit My xfit total when i began xfit: 495...today, 18 mnths later: 745! Im 5'10, 170lbs... #proud",normal,no_anger,no_irony
1753452832,no_irony,faulko1,@tracysummers04 Im pleased hun,normal,no_anger,no_irony
134750668018827265,no_anger,Lary_RL,Tarde o temprano! (8) :D #Happy,normal,no_anger,no_irony
144448356050141185,anger,kaylaareynolds,People need to figure out what the fuck they want.,repressed anger,anger,irony
146706560314380288,no_irony,ThatGuyPoPo,Salty den a hoe.. #Sad,normal,no_anger,no_irony
812335055645396992,no_irony,holz_p89,when you're trying to complain about your @VodafoneUK broadband but it keeps cutting out so you can't send it  !!!!!!,explicit anger,anger,no_irony
812332777949564928,no_irony,PolarWhut,NY is not in a Right-To-Work state. Union participation isnt OPTIONAL for #Rockettes   & #Karma collide https://t.co/EsBhOp2IKm,normal,no_anger,no_irony
810305674789920768,no_irony,JesseLohse,@SheriffClarke @nytimes @CNN @washingtonpost @MSNBC @HuffingtonPost @realDonaldTrump funny enough it was Mr. Trump's too!,normal,no_anger,no_irony
139829280824762369,no_anger,Geenaa_Mariee,Getting my hair cut :) #excited,normal,no_anger,no_irony
148556521226252288,anger,Middleclasswut,I need go shopping like pronto,normal,no_anger,no_irony
148882214954868736,no_anger,iReport_London,@__AMBERcrombie I'm excited oh and my cousin goes there as well! If you decide to go will link you two up #excited,normal,no_anger,no_irony
148169131395530754,no_irony,stephanut,@michaelbuble singing to us at snl. #love,normal,no_anger,no_irony
137042035378102272,no_irony,sjupmanz,Tiger and Stricker lose 7&6...#disappointing,normal,no_anger,no_irony
138356694601318400,anger,glorious_glor,OMG! Watching the new Twilight and the screen's cut out at a crucial moment! Sort it out!,explicit anger,anger,no_irony
138284625188499456,no_irony,MacHoward,Gonna be a great day! #herewego #excited @AE_Peatross,normal,no_anger,no_irony
1966036461,no_anger,staciebee,"@ianiv No, it's not",normal,no_anger,no_irony
148897919972540416,no_anger,Bedders__,Found a packet of malteasers in my draw #happy,normal,no_anger,no_irony
146684080258424833,no_anger,Maria22Dt,@TrueRusher of course i will! #LOVE,normal,no_anger,no_irony
146784674973364225,no_anger,DBeltonjr,The Best Gift u can give Somebody with Money is .. #Love,normal,no_anger,no_irony
1962767971,no_anger,MattSuess,@PattyHankins Awe - didn't know cats got skin cancer,normal,no_anger,no_irony
140332682637877248,no_anger,7ShadesofDevin,"Sleep after a long, but very amazing day with no homework to do in the morning is the best #happy #letsdoitagain",normal,no_anger,no_irony
1752287764,no_irony,ronimom,Ok all have hit the point of relaxation.. heading to bed  sleep well and Happy Mother's day to all you Moms out there!! Night,normal,no_anger,no_irony
143826016803110912,no_irony,aidanbox,felt like a kid again during todays mental moment with KD and Jello! #joy,normal,no_anger,no_irony
145281964541362178,anger,TheeMiss_Steph,This is not workin out the way i hoped it would,normal,no_anger,no_irony
810300285025390592,irony,RajSin9h,Just followed @facebook on @twitter ü§£   https://t.co/vt8zibwBG6,irony,no_anger,irony
138149629953966081,no_anger,EMartz93,Bored. In my bffs room when she's gone. #lonely #sadtweet #GUproblems,normal,no_anger,no_irony
816277544920055808,no_irony,steviejohn06,@MvG180 and so humble too,normal,no_anger,no_irony
141321284901548032,anger,Bayelise24,You are pissing me off,explicit anger,anger,no_irony
140855536005558272,anger,emily_swain15,ugh. just fucked it up again.,explicit anger,anger,no_irony
134887332250787842,no_anger,angehendry,@karleebowers would you like to borrow the new cd? Its flipping fantastic. #adore #love  #storms,normal,no_anger,no_irony
147571831233196032,no_irony,AmzarPolanski,Mintak2 lah mak aku bagi aku pi @Langkawi ^_^ #Excited,normal,no_anger,no_irony
144959953839456256,no_anger,JadeOlogunja,pray for the lives lost at Virginia Tech today #VT #sad,normal,no_anger,no_irony
149664483751628802,no_anger,Kayzee4111,and your just the cutest #Love,normal,no_anger,no_irony
815020780392214528,irony,TallyOkie,I love hearing announcers stroll down memory lane,irony,no_anger,irony
140456193989685248,anger,MaribethMarie,@TheTomO_o can't stop laughing hahahah,normal,no_anger,no_irony
144960949311381504,no_anger,Joverthecounter,@michellejmik #thankschristmas turkey is 19.67 lbs and is in the process of thawing out #excited,normal,no_anger,no_irony
147124472816742402,no_irony,_ashweeeee,Christmas Break needs to come sooner!!!!!!!!!!!!!! #anxious,normal,no_anger,no_irony
1694366592,no_anger,EmilyNatanya,"Boss just texted me, I HAVE THE DAY OFF! YES&lt; YES AND YES AGAIN!",normal,no_anger,no_irony
139536498063196161,anger,julia_szekely,if i see one more awkward moment status or tweet im going to scream,explicit anger,anger,no_irony
1965650925,no_irony,rachyrocks,"WIDE awake, scoffed 3/4's of a pizza and feel like a sumo  such a weak day! Run tomorrow",normal,no_anger,no_irony
148272553553702912,no_anger,jordanhanley15,Christmas is in one week!!!!!!! :D #excited,normal,no_anger,no_irony
812838506607296512,no_irony,JDMcNugentMets,"OneGottaGo - Woody, Jerry Seinfeld or Paul Reiser in his prime? #Funny   #deadpan #oivey",normal,no_anger,no_irony
148163581626683392,no_irony,No__Competition,I dont feel angry ifeel #Hurt,normal,no_anger,no_irony
143523873453916160,no_irony,jessicasusann77,It don't want to go to school tmrw. Period. #disappointed,normal,no_anger,no_irony
146619404422103040,no_irony,I_AMFANCY,but if u a hoe and screwing alot of dudes then u aint gone know the right dude to kill #Sad!,normal,no_anger,no_irony
145569796082249728,no_anger,amandatapparo,I want you to text me #lonely,normal,no_anger,no_irony
142290501519933440,no_anger,Ant_MartinJr,Young buls dont ask young ladies for their number no more they ask if they gotta facebook and a twitter..smh #sad,normal,no_anger,no_irony
1963113507,no_irony,minxieme,Eastenders is always so grim,normal,no_anger,no_irony
137678468698750976,no_anger,hunter6571,My little cousin did AMAZING in the talent show. #proud,normal,no_anger,no_irony
138422022832267264,no_irony,11_Maf,Eli Manning is so cute and sweet in this interview. #love #GMEN,normal,no_anger,no_irony
817911102868692994,no_irony,rineer07,@dloomis24  ... I really think there is 1,normal,no_anger,no_irony
1753870519,no_irony,CharlieBanks,jolly good last night,normal,no_anger,no_irony
148174938321326082,anger,QuinKBSkillzz,AAhHHHH!! F*xk my house still wreaks lik curri..,explicit anger,anger,no_irony
1695310892,no_anger,Priscillaxx,@NeverTooSure i know  its nice haha,normal,no_anger,no_irony
145696229190410241,anger,pchavv,"in the car,my dad is being a fuckin dick sayin that I abuse the compuer.O ya like Im the only one, look at your other fucking kids.",explicit anger,anger,no_irony
142038676451495936,no_anger,juliannecheng,still havent started homework. wish it was winter break! 11 more days ‚ô• #excited,normal,no_anger,no_irony
809454134583762944,irony,Gee_Kate,"Oh, the Ayn Rand nutters who condemn religious zealotry.",repressed anger,anger,irony
149114632840290304,no_anger,JessicaGrace387,9 hour work day then a wake afterwards #sad,normal,no_anger,no_irony
136745757884694528,no_irony,jCharday,Aw my baby just called me on skype and I actually got out the bed to talk lol #love,normal,no_anger,no_irony
142589505432596480,no_anger,breannameier,Cappuccino while getting ready...makes me #happy :),normal,no_anger,no_irony
811950758178516992,irony,ClashBrosYTZ,RT @CRAZY_IDIOT25: NOBODY IS PERFECT üòê I AM NOBODY üòÇüòÇüòÇüòÇ   #2016mama,irony,no_anger,irony
149323260834750464,anger,TaylorKatzzz,Shuutt uppp! No onee likes you . Stop acting like your so cool when your not .,explicit anger,anger,no_irony
149060112361848832,no_anger,erinstanding,Just checked and the top 3 worldwide trends are @onedirection related #proud #1DFAMILY,normal,no_anger,no_irony
139348267883438080,anger,h_jells,why do none of the articles I need even exist,repressed anger,anger,irony
149634447761883137,anger,ex3timberlake,"Why do things always seem so good, and then go so bad?!",normal,no_anger,no_irony
135235065620873216,no_irony,kanderson14,should not have watched Greys. #depressing #PoorTeddy,normal,no_anger,no_irony
146151095671070720,no_irony,mardy_bumx,Feeling very christmassy today...2weeks! #excited,normal,no_anger,no_irony
1957123048,no_anger,blak4ever,@UniqueMakis Awesome! Wish I could fly out to see her,normal,no_anger,no_irony
147708860419936256,anger,iBushra_,"M9d3a, the kind of 9uda3 that takes place been al 7wajeb",normal,no_anger,no_irony
139526137968721921,anger,brii_barteky,I hate when the best part of the movie is on and someone JUST has to walk in an interrupt.  !!!!!,explicit anger,anger,no_irony
147545886145253376,no_irony,Zcarroll07,Finally home before 12 #happy,normal,no_anger,no_irony
148112569981345792,anger,megan_marieeexo,Hate the new fb update.,explicit anger,anger,no_irony
135065080655134720,anger,Maddyshads,"So my phone survives being dropped in the bath (twice), chucked, stood on and dropped. Yet a bit of rain and it goes nuts.",repressed anger,anger,irony
817260619535523841,irony,slam_powell23,"""I'm going to collage"" -some persons insta bio.",irony,no_anger,irony
140135319700910081,anger,Lindseyyy_Sue,Love when I wake up and am instantly,normal,no_anger,no_irony
816018919618125824,no_irony,jcantroot,Can't wait til I finish setting up my new place so I can go out again,normal,no_anger,no_irony
816404644691931136,no_irony,Witticisms_R_us,PMS coffee mug https://t.co/UAvH83F2qx   #funnygift #WitticismsRus #Funny_coffee_mug https://t.co/mXhww6Yfrh,normal,no_anger,no_irony
146956229170835457,anger,hellokenzzz,Just move already. I hate your voice.,explicit anger,anger,no_irony
142376654856134657,no_irony,strandsoflauren,"dear brockway, I would like to thank you bc none of you drew on my face even though I still had my shoes on when I passed the fuck out #love",normal,no_anger,no_irony
144946456141365248,anger,JoshuaPloeger,"My best friend is basically getting the exact same tattoo as I have. Same thing, different verse.   #fuckingreally",explicit anger,anger,no_irony
142837440007245824,no_irony,LOHeard33,I've never had this much fun after losing....when you have been blessed with @robbz32 @Chahta_Queen @cdwatson24 @Rvro22 life goes on.#happy,normal,no_anger,no_irony
146044187551338496,anger,ImJust_REE,‚Äú@DownAss_Shawn Wtf is wrong wit all these fake ass niggas   !‚Äù,explicit anger,anger,no_irony
818073546035380225,no_irony,CandyBolos,"Trying not to focus on the unimportant details, even though it hurts quite a bit. cos it's honestly quite important to me. üòî",normal,no_anger,no_irony
1965307368,no_anger,Evil1der,"battery is low boooooooo in Palm Springs, CA http://loopt.us/2SljBw.t",normal,no_anger,no_irony
139788217149960193,anger,John_Copelander,These are the worst refs i have ever seen. all these penalties and only 1/2 of them are legit.   #GoLions,explicit anger,anger,no_irony
817646674977980416,irony,estrella_alyssa,"Oh yes! Let's use taxpayers money to build a wall, because ""Mexico will repay us"". What a splendid idea.   #TRUMPWALL #moron",repressed anger,anger,irony
144676257500635136,anger,LexiHensley9,@iHaveNickNausea I know how you feel....What kills me is that they dont have the guts to say it to your face...like really?!,explicit anger,anger,no_irony
136576474697314304,no_anger,WreckItGabby,i have heart shaped ice cubes. :D #Excited :)),normal,no_anger,no_irony
138813667138482176,anger,tay_tharp,ihate when I'm texting someone and then you lose your phone in the covers!!!,explicit anger,anger,no_irony
144451189109563392,no_irony,printzess_julie,That moment when you a raindrop breaks your cigarette<< #sad,normal,no_anger,no_irony
148671750463434753,anger,RobynDormehl,Now I remember why I hate shopping so much. I never actually got to the shopping part.   #parents.,explicit anger,anger,no_irony
145338428974825473,anger,msbutah,Received my new insurance today. My last name is apparently now Blanic,normal,no_anger,no_irony
140699642378727424,no_anger,xthisisshe,"Sunday, what a dissappointment. Going to cray-cray at my bed #sad",normal,no_anger,no_irony
809895837191012352,irony,kmc02,"@CNN In other words, everyone in govt has got their story straight. #cnn #FakenewsCNN #Russia #russiagate #fakenews #CiA #fbi",repressed anger,anger,irony
145784936257949696,anger,helloarias_,1/2 naked heavy duty girl is rubbing against my back while I wait in line.,normal,no_anger,no_irony
814923142795763712,no_irony,HezbollahWatch,#Obama vs @MittRomney on the #Russia|n threat & the revival of the Cold War! A grand  ! https://t.co/51C5gPGKtu HT @LVNancy,normal,no_anger,no_irony
136149025886973952,anger,aliaaahb_,Ranch makes me wanna puke,explicit anger,anger,no_irony
816670640824586240,no_irony,FarahsBubble,So my brother walks in the living room with shoes on referring to me as an animal...   #4everCat&Dog #growingupwithsiblings,normal,no_anger,no_irony
810660865250918401,irony,PaulKuharskyNFL,"@Bobby_Dubby @OldTakesExposed Yes. If you can't predict unpredictable things accurately, you are terrible.",repressed anger,anger,irony
149168876914098176,no_anger,nigeldraper,Sympathised with Piers there for a moment. #worried,normal,no_anger,no_irony
1965569663,no_anger,thaislibrarian,trying to upload one thousand photos!!,normal,no_anger,no_irony
135726652842979328,no_irony,girloftheplains,@biscuitkitten Please let us know if the audio is legit!   #Excited,normal,no_anger,no_irony
147717581611073538,anger,apolleypocket,it amazes me how fake some people can be,explicit anger,anger,no_irony
135408527031287809,no_anger,mrs_tara,"i feel so inspired today by the ppl i love the most, my family <3 #LOVE #RESPECT",normal,no_anger,no_irony
135446624985038848,no_irony,mmahotstuff,I've texted tweeted emailed & called the blue chip companies w/ friendly reminders to watch or at least dvr tonight's @UFCONFOX #anxious,normal,no_anger,no_irony
812724965871157248,no_irony,liezlmari,#GreenTips> #SmileBetter without   #plastic #YES2 #BioDeg #NonToxic #NO2 #spOILs #ABigSilence @Lizzi_L‚Ä¶ https://t.co/CrOyC9TM32,normal,no_anger,no_irony
145069696755048450,no_irony,Becky_Lamb,Riding solo tonight.. Quite sure I'm happy sharing my night with season 7/8 of entourage.. Ari craaaaacks me up! #Lonely,normal,no_anger,no_irony
1752800003,no_anger,LesliCameron,SNL after party,normal,no_anger,no_irony
139111720655392769,anger,Mahri__,ppl be tryna make acronyms outta every damn word..,explicit anger,anger,no_irony
149510778318364674,no_anger,mbowennn,Taking gingerbread cookies downtown to give to the homeless on Christmas day. #excited,normal,no_anger,no_irony
813494734215909376,irony,lostbutmkintime,"When ur convinced you have ""the plague"" and then ur dr actually prescribes something to treat the ACTUAL plague...‚Ä¶ https://t.co/oHSETCAoFz",irony,no_anger,irony
146032991985086465,no_irony,sammy_lee11,"House all to myself, baking cupcakes and a cake, snuggled up to my pup with hot chocolate reading and waiting on my man to arrive! #surprise",normal,no_anger,no_irony
139501648044240896,anger,Flygirlchanel,I hate watching extra fat people eat,explicit anger,anger,no_irony
138473251507679232,no_anger,steph_ul,Old school music sesh with the girls #happy @breezybabyx306 @liasmikolajczyk @pibbbby,normal,no_anger,no_irony
1753029897,no_irony,shezzy153,"this thing really demands a lot of time! anyways, gotta get some breakfast and watch naruto's latest episode",normal,no_anger,no_irony
135386471694737409,anger,hannahsanders2,Wow are you serious?,normal,no_anger,no_irony
140871677755133952,anger,dwfaust,@AZtweetr as long as they're free‚Ä¶ I guess so‚Ä¶ I'm on #6 now‚Ä¶    #fail @Keurig,normal,no_anger,no_irony
146861059754557440,anger,lishalou,Why the effffffffff cant I sleep!?,explicit anger,anger,no_irony
808298190562885633,irony,MCK_STL,Twitter would be a better forum for discussion if people talked more about politics. Constructive discourse is so overrated.,repressed anger,anger,irony
816078150069354497,irony,vascoismad,is: getting a pop-up ad about blocking pop-up ads.,irony,no_anger,irony
136498039488659457,anger,reecemhall,#WhatYouFindInLadiesHandbags another pair of shoes! Filled with tampons!   :),normal,no_anger,no_irony
811953152320684033,no_irony,sarcasticdanav,2017 Is Ready To Welcome Us With New Probs #HappyNewYear #Great #Year   #Trolls #Follow #FollowForMore‚Ä¶ https://t.co/ch08c3KSmg,normal,no_anger,no_irony
149321824201736193,no_anger,THAT_FANCYLIFEE,It's funny how u can kno someone  more thru their tweets then having a actual friendship with them #sad,normal,no_anger,no_irony
146243656620322816,no_irony,mmp_143,"Through thick and thin you will always be here, thanks boo (: #thankful",normal,no_anger,no_irony
144514829946859521,no_anger,timkramertk,George mason has a larping and and quiditch club #love,normal,no_anger,no_irony
1964626765,no_anger,CullenPixie,@HerMonkeyMan I don't think @JazzyHale22 will want to come back  (guys read your dms),normal,no_anger,no_irony
143085049510768641,no_irony,TheEmmiMesser,At least shes safe now. #Thankful,normal,no_anger,no_irony
145996288020848640,anger,itzel_mtz11,If your to busy playing a damn video game don't bother texting me. Obviously your game is more important.   !,explicit anger,anger,no_irony
140748582641864704,anger,JuggyMarshall,How the fuck do people smell of BO at this time,explicit anger,anger,no_irony
147908933795856385,anger,T_Denton49,I hate when the phone charger isn't long enough to reach the bed,explicit anger,anger,no_irony
144296865616240640,no_anger,Randumb_ish,Its crazy how me and @I_Am_McLAVAn aren just alike. #Love,normal,no_anger,no_irony
147084317028401152,anger,Li4mx,@JoshSouthwell is it hard to mod? i play on 1.0 .. im in bed now after i died i just closed my laptop and went straight to bed,normal,no_anger,no_irony
135902418805334016,anger,NessSagiao_,I hate when I'm about to say something an I just all of a sudden can't remember,explicit anger,anger,no_irony
138840143636340736,anger,bbreeves,I hate when people try to tell me what i said or what i am thinking....bitch you dont have mind reading.!,explicit anger,anger,no_irony
139705776070598657,no_irony,Beau_Nelson,Working with the lovely @lindzellingson For @victoriassecret today. She's so beautiful! #lovemyjob #thankful #macysparade,normal,no_anger,no_irony
1963321469,anger,bridgetbean79,@kristanmarie at least you dont have quad parking haha two cars drove by real fast and spashed mud all over me,normal,no_anger,no_irony
810957643309268996,irony,vikbrooklyn,@cjolds @peddoc63 because Floridians are known for their smarts.,irony,no_anger,irony
138117032163024896,anger,BigBoyBlackBear,Im sorry but Im not your slave.. Working for 27 cents an hour is not what I envision when I go to work,repressed anger,anger,irony
810465656365871104,no_irony,ForgeRat,"@TelegraphNews https://t.co/x674u11Ngr says ""Armin Fuhrer , German historian""",normal,no_anger,no_irony
1961687264,no_anger,Drw_Images,No twang photopass for tonite,normal,no_anger,no_irony
1965295324,no_irony,s1mplyxamaz1ng,After hearing susan boyle sing she came off as the most beautiful person i'd ever seen. i feel bad for my first impression though,normal,no_anger,no_irony
811597835590369280,irony,jguhlin,"One of these days when Victoria tells me whatever I want, I'm taking her to an arcade with nothing but children. She'd love it,",irony,no_anger,irony
1751680515,no_irony,Sweetcakes16,@chrisettefan hhaha kewl dude!!  but if u dont know &amp; he does have a reason well thats another story mhmhmh...does he?,normal,no_anger,no_irony
142778765498519552,no_anger,Jac087,"Yeahhh, that comment that @F1abraham made on @KourtneyKardash 's pregnancy was pretty stupid. #embarrassing #drama",normal,no_anger,no_irony
814950255947116545,no_irony,kmc02,@theblaze Those Kennedys really love to party!! #RFK #Kennedy #Millennials #theblaze #CNN,normal,no_anger,no_irony
810743626347073536,irony,mcpantsonfire,"@adamliaw YOU ONLY ONE AN AWARD FOR A TV SHOW, RELEASED A SUCCESSFUL COOKBOOK AND MADE ANOTHER AWESOME-LOOKING TV SHOW #whatawaste",repressed anger,anger,irony
817826925276233728,no_irony,shop_sNg,I loves grammar (who don't does it?!) | dark tshirt https://t.co/RnCHgXL2RH #jokes #humor #apparel #giftideas,normal,no_anger,no_irony
143034220539936769,no_anger,AnneSophiAmbler,fuck me & never talk to u again? Alright i won't forget that #fuck #sad #whitegirlproblems,explicit anger,anger,no_irony
142391134755356673,no_irony,domenicarubira,#UNDERTHEMISTLETOE is addictive! Can't stop listening to it:) specially DRUMMER BOY & FA LA LA ‚ô• @justinbieber #PROUD 3,normal,no_anger,no_irony
817950848156336128,no_irony,BriCrozier,"@thecomeback @awfulannouncing Oh, come on now, Grayson is just stretching his leg muscles!!!",normal,no_anger,no_irony
145021224114864130,no_irony,DB_Tuck_21,My mans BG about to do 40 in the joint damn #sad,normal,no_anger,no_irony
142473300382199809,anger,chrissylouwho94,Love when guys can't keep their freaking mouths shut!,repressed anger,anger,irony
149861111552950273,no_anger,MEGATRON_29,In 3 days i get to see.all my karate friends!! #excited,normal,no_anger,no_irony
1957041856,no_anger,Kgreenel,@wuzzyangel You never answered your DM I sent you....   I need your info...,normal,no_anger,no_irony
135101250957094912,anger,LynsJ11,"Bonfire night was like a week ago, so why are people across the road having theirs now",normal,no_anger,no_irony
807799612866236416,no_irony,Alexandriapaig,RT @Simba_Reborn: You know your getting old when you hurt yourself doing a backhandspring!,normal,no_anger,no_irony
1962024211,no_anger,Rutto_chan,@Jonasbrothers Just saw the webc. awesome! i loved all the songs! im sad cuz i couldnt be there  had 2 wake up early and it started at 1am,normal,no_anger,no_irony
143074513918230528,no_irony,AdamLCoyle,@Lauraloo2965 I love you boo! #OneAndOnly #LoveMyFamily #love,normal,no_anger,no_irony
135117282119655424,anger,lissettecalv,There are so many dumb Miami girls hanging out around Tallahassee... This is why I left...,explicit anger,anger,no_irony
139973728099500032,no_anger,Lucy_Croston,1 month till Christmas Day ;D #excited,normal,no_anger,no_irony
1962979361,no_anger,amygailey,"Today I'm sad, my cat of 10 years has just stopped eating, and is very sick.",normal,no_anger,no_irony
135857078353932289,anger,shelbae,I hate when I tell someone to freaking do something & they continue to not do it.,explicit anger,anger,no_irony
1694549553,no_irony,kursteey,"Just up  the longest lie in a while thank goodness, neck still painful but today i am going to head out (y)!",normal,no_anger,no_irony
147119766786686976,no_irony,zouiscchini,@ZackAttackZone Oh my god! That's amazing! I really really really can't wait! #Excited #Loveforever,normal,no_anger,no_irony
136502849134796800,anger,cassidykile,I hate how people are so immature. You're a freshman now. Grow up & shut up.,explicit anger,anger,no_irony
148110450847006721,no_irony,StarMGR,@TreySongz: Another day to breathe...thanks to the most high. #LOVE,normal,no_anger,no_irony
140945983746998274,anger,shelby_tatum,I Hate  Whenn People Play On My Phonee . Groww Up .,explicit anger,anger,no_irony
1964671250,no_irony,loveandbooze,@faffypants maybe.  his real name wasnt tommy?,normal,no_anger,no_irony
148162081244454912,no_irony,lorimhmm,It's almost time for the Dallas Mavs to hang up their championship poster! #excited,normal,no_anger,no_irony
134786695546667008,anger,Jamie_Peitz,I hate when people take you for granted..,explicit anger,anger,no_irony
144468943397076992,anger,B_Fukin_Roni,The unfollow button is calling my name on your dumb ass. #stfu   #pathetic,explicit anger,anger,no_irony
149557633081282561,anger,CattBoyle,Thanks ventry for putting me in a bad mood.,repressed anger,anger,irony
146411432215453697,anger,Ambi_Bambi,This showstopper dude needs to shut up ! #FearFactor,explicit anger,anger,no_irony
146406644803313665,no_anger,kennedymachelle,"I smile when I see your texts, and I haven't done that in a while <3 #excited",normal,no_anger,no_irony
147187016927424512,no_anger,AlexxxSullivan,"Tea, comfy sweats and the latest season of dexter :) #happiness",normal,no_anger,no_irony
1694834627,no_irony,bloodypaws,@pourpresheep lol. thanks babe!,normal,no_anger,no_irony
146379050502463489,anger,bryonyevans96,Grrrr.... This word count thing on here drives me mental...,explicit anger,anger,no_irony
1694475613,no_anger,nadinemullin,"ok my friend is about to dye my hair black scary i know, ill try to post some pics tonight if not tomorrow for ur verdict",normal,no_anger,no_irony
1960708072,no_anger,cerealuk,i have no idea wtf im doing,normal,no_anger,no_irony
143804112289546240,no_irony,_xDestinyyyy,Where Tf' Is My Little Brother !!! This Shit Crazy ! #Worried,explicit anger,anger,no_irony
814089956289290241,irony,StarCoreOne02,Obama will continue to destroy the Democrats.   https://t.co/TGp94XAUeT,irony,no_anger,irony
145687585338048512,anger,__TheyAllOnMe,The World Without SEX!!!  ! #Mimikinss,normal,no_anger,no_irony
147336225580257280,no_irony,domi19,#TopSecretProject now has a website!!! It'll be up once it's done!!!!! SO #EXCITED,normal,no_anger,no_irony
137577924583890944,no_anger,NathalieMunti,My birthday is in less than two weeks! #excited,normal,no_anger,no_irony
817103713143836672,irony,_hikari13,@realDonaldTrump you¬¥re not even the president yet and all you know to do is threat companies wow! definitly you¬¥re a business man,repressed anger,anger,irony
146354372962562049,anger,Aman_Speaking,@mrs_dsanders I'm SO mad I cannot find my laptop! I have a project I've started on there & NEED it off my hard drive!,explicit anger,anger,no_irony
148623177457733633,no_anger,DatBertskii,"Just don't forget one thing bitch, I was the one who said I live you first and last. #realshit #LOVE",normal,no_anger,no_irony
1752224878,no_anger,strawberry_tea,"@bbelle_ yeah, just knew him because of your link  HE'S COMPLETELY AMAZING AND HE SINGS PHANTOM!",normal,no_anger,no_irony
142732158522494976,anger,Igaveuponpants,Time to start seeing results,normal,no_anger,no_irony
145938510405320704,anger,gorgeousle,I think way to much bout shit i shouldnt be worrying about.,normal,no_anger,no_irony
817758012827926528,irony,LolaGPatton1,"But thats not due to climate change, rite??? Surely not   https://t.co/KfD99vbEXM",irony,no_anger,irony
139927964749021184,no_anger,Deuces_Logic,Waffle house is jumping... #surprised,normal,no_anger,no_irony
135020229628665858,no_anger,TheLowEra,Scrimmage. I gotta fuck shit up! #nervous,normal,no_anger,no_irony
136101671553089536,anger,jesssigirrl,Never letting anyone use/borrow/take my car when I get another one   #..still,repressed anger,anger,irony
813871512742756352,irony,ProfessorsTake,"@Pkatt Thanks for letting me know. I mean, his name is on the building!! How could he ever leave there?!?    Again #IApologize",irony,no_anger,irony
136629352422064128,no_irony,Amberae94,"Long day tomorrow, Thursday, & Friday will be. 5 hour tech rehearsal. Thursday=showtime!! #NERVOUS!!
@SophPreikschat @alyssarose24",normal,no_anger,no_irony
811677334096986112,irony,xTw1s7x,"@Communism_Kills No, I mean obviously that person is right! Murder and Homicide aren't the same thing as well!   #wtf",irony,no_anger,irony
1963180116,no_irony,colormesillyy,I may have come down with something; we're almost out of tissues!    this is not a good season  http://tinyurl.com/nccqya,normal,no_anger,no_irony
148956477556662272,no_irony,CharlyMontonio,I'm so happy @JustNaox3 got a Twitter :D now we can keep more in touch #Excited,normal,no_anger,no_irony
145507490652622848,no_anger,EvanChiplock,@zunitk thanks buddy. I'm freaking out. #nervous,normal,no_anger,no_irony
814810577612771328,irony,JLEmmerson,"@WorldAndScience A bit dull to begin. 13.99 B yrs of nothing then God creates everything in 8,000 yrs. #biblescience #maga",irony,no_anger,irony
144436725530370048,anger,megannvarciee,I hate substitute teachers who think theyre the teacher,explicit anger,anger,no_irony
811018210870956033,irony,ariherzog,: The CEO of the National Diversity Coalition for Trump chooses to ridicule instead of embrace. Hmm. https://t.co/BPp8hwLGbF,irony,no_anger,irony
136815814933356544,no_irony,UrSweetTooth,My car isn't totaled #Thankful #Hype,normal,no_anger,no_irony
149207821760729088,anger,GeniuzInk,@staciewins1973 my 16 girls are the most injury prone people I know.,normal,no_anger,no_irony
138706116929531905,no_anger,_Jellyysaur,This weather is kinda nice. :) sun's shining &its a little chilly. #love :),normal,no_anger,no_irony
137719248079421440,anger,MeganDeMint,"when my brother is around all his friends, his maturity level decreases by like a billion and he acts like a total jerk   #shutup",explicit anger,anger,no_irony
137573160626294784,anger,Teya_Botella,Why tf did I buy a car if my parents don't even let me drive it   #Pissed,explicit anger,anger,no_irony
817748013221195777,no_irony,HiroDaHero,"I used to look for a reason to take you out. Today, I hide your FB comments because they do nothing but bother me.",explicit anger,anger,no_irony
1753449869,no_irony,wonder_nat,@natsnapper haha. Booked my lie in last night. Just woke up. Must have needed it!!,normal,no_anger,no_irony
145169544925822976,anger,m_baz,I don't know why it'll say loading screen names when it NEVER does!?!,explicit anger,anger,no_irony
145988744095342593,no_irony,dearbecky_,Getting up at 7.30 tomorrow to do an hour of chemistry revision before I have to get ready for college.. #nerd #chemistrymockexam #nervous,normal,no_anger,no_irony
144248899392110592,anger,xDanaRobertsx,"Third night in a row, I've been woken up by the weather",normal,no_anger,no_irony
147504551308701696,no_anger,mike_marinos13,@DatDudeAntB i cant imagine what gence is gonna wear tomorrow #worried,normal,no_anger,no_irony
140592859098259456,no_anger,ItsMeShillyB,I been gone 23 mins and aint nobody hit my line#sad,normal,no_anger,no_irony
148033268472750083,anger,erikanastacio,I never last a month withut getting 'tagos'.,normal,no_anger,no_irony
146356167533264896,no_anger,jennadoyle_,Rockos with Chelsey to see Man Overboard ((((: #happy,normal,no_anger,no_irony
1750931338,no_anger,jencallahan,@jimmymcdonald Let me know how that turns out!!,normal,no_anger,no_irony
142520785024716800,no_anger,char_piercy1,This isn't good #unhappy,normal,no_anger,no_irony
147158540396670976,no_anger,Cocobunny126,Just booked my flight for my bday. #excited,normal,no_anger,no_irony
137528055903170560,anger,torrtilla_,stupid hospital is making me get another shot. I DONT HAVE TB YOU TWITS,explicit anger,anger,no_irony
810284652380454914,irony,thekillerheals,"@legendaryizaak @TheTcoaster A Trump fan posting a meme featuring an icon of a rebellion, who fight against a tyrannical empire...",irony,no_anger,irony
135596937851310080,no_anger,CliffTejam,bad performance of #pacman. #disappointed,normal,no_anger,no_irony
142283844672962561,no_anger,dcarden27,"It's funny how we remodel homes, deceiving ourselves in thinking it's a new place, but a real home improvement starts w/ YOU.  #love #family",normal,no_anger,no_irony
1694687118,no_anger,gedhead,"@stephenfry I've made a game for you, Stephen- http://tinyurl.com/ctw4ld - well, actually it's for us, not you",normal,no_anger,no_irony
815691196613984260,irony,EilisNyhan,So 2017 is going great so far......,irony,no_anger,irony
147387959421833216,no_irony,CjMarious,"@alexisadams19 I know,  what is the world coming too #disappointed",normal,no_anger,no_irony
147786680798150657,no_anger,famousirwin,this break is gonna be so boring #sad,normal,no_anger,no_irony
820204109131317248,no_irony,MetaphorMagnet,: Memorizers memorizing believable facts about incredible dreams. #Believable=#Incredible #FactAboutDream,normal,no_anger,no_irony
135114476872671232,no_anger,MeghanDautner,Cortland and Ithaca ain't ready for me #excited,normal,no_anger,no_irony
143273321415450624,anger,Julieeeeee_x,@PerezHilton your seriously doing my nut in with all these posts,explicit anger,anger,no_irony
814314509825409025,no_irony,MBGunner,@Real_AllenR @charliesheen ironically odds r not in favor of Charlie given his health.,normal,no_anger,no_irony
813291436464603136,irony,solomone45,Why is that Doctors are the ones that drink the most and those who know the truth sin the more???,irony,no_anger,irony
810345093156761600,no_irony,onemore_whynot,@peapiepoebum @staglee I can't tell you how much I love that you just described Trump as a runaway train. üòÇüòÇüòÇ,normal,no_anger,no_irony
1960131069,no_anger,lilgrownkid,The puppy is sick  and some one put they hands on my momma &gt;:-|,normal,no_anger,no_irony
138763236018356224,no_anger,Alex_MillerTime,Hope my doggie is gonna be okay #worried,normal,no_anger,no_irony
816044309124358144,irony,seanharshey,What? A Bush-Clinton-Obama-Soros-Romney globalist is saying something bad about #Trump? We better listen!   https://t.co/kWte5aHafS,irony,no_anger,irony
146682273884938241,anger,tcup_17,Wow I do NOT miss drama!!!!   #whatever,normal,no_anger,no_irony
1696043941,no_anger,strawberry_kiwi,@paultelner lol I really wanna go there!! Imma check the vid out rite now,normal,no_anger,no_irony
148782956155121666,no_irony,LaurenHunt95,Eeeeek first birthday card through the post #excited,normal,no_anger,no_irony
812672021859446784,irony,RampaigerRaven,@RadioRenegades https://t.co/QMSc5h0GsR Interesting speech from Goebbels' take on Pagan and Christmas.   is too sweet.,irony,no_anger,irony
808242710104702976,irony,BethFHArcher,"@ComicCanuck It was the irony...Pleasant View, as photographed through bars and across Tarmac! #veryBritish",normal,no_anger,no_irony
1966267431,no_irony,twikletwikle,love to but  already got plan  going to queen mary !,normal,no_anger,no_irony
135889751612993536,no_irony,DuckSauce_SNS,This Green Crack Hit To #Love,normal,no_anger,no_irony
143800984634798080,no_anger,hollyturlington,It's the most wonderful time of the year #excited,normal,no_anger,no_irony
139536864402079744,anger,ToriMeganHeath,You guys are pathetic..,explicit anger,anger,no_irony
1695769269,no_anger,theogeer,@TeoBishop I hate it when that happens!! Exciting though.,explicit anger,anger,no_irony
1753550036,no_anger,jaksdeflatdego,Is still awake at 5AM but for way better reasons.  A fantastic night with fantastic people... and fantastic food!!,normal,no_anger,no_irony
810973204584038400,irony,weddady,"Index finger pointing up.. yep, radicalized!   https://t.co/o5kR6gJ5kH",irony,no_anger,irony
1963478433,no_anger,katiemd1,I feel bad for John and Kate. And the 8.,normal,no_anger,no_irony
813347017992716288,no_irony,43a6f0ce5dac4ea,"RT @LaLegale: @43a6f0ce5dac4ea Suggest that in the main, journalists only support status quo, but cannot question it.   But where's @j‚Ä¶",normal,no_anger,no_irony
148923268764680192,anger,TylerCurtis,Secured my New Years Eve plans... Raging it proper with the music of the Grateful Dead with @DarkStarOrch at the @WellmontTheatre.,normal,no_anger,no_irony
142237360866865153,no_anger,Josh_Morter,audition one done :) now to head an meet the mythers for a day enjoying the festivities #happy #reunion,normal,no_anger,no_irony
148108734638460929,no_anger,Riannanmo8,I hate not knowing what's going on. Feeling #uneasy.,explicit anger,anger,no_irony
135142486296379392,no_anger,D_Dollaz25,"watching tv by my self , I feel #lonely !",normal,no_anger,no_irony
139353066129469440,no_irony,kimpirrella,@jg_from_nj OMG I can't with that face. Lol #love,normal,no_anger,no_irony
139203531071684608,no_irony,tiajamieson,fairytales corrupt us into believing in white knights and happily ever afters #disappointed,normal,no_anger,no_irony
149658934779723776,no_anger,PrincessTifff,Activated my iPhone 4s #excited,normal,no_anger,no_irony
146621873776623617,no_irony,Tiffany_Torture,I'm going to miss my cat:( #sad,normal,no_anger,no_irony
143641937818300416,anger,TOOrandom_,grandad's been sneezing the whole time =.= urghh !,normal,no_anger,no_irony
147298205162414080,no_anger,taniadysastika,"wrapping gifts, writing cards, ohh I'm feeling like Santa #excited",normal,no_anger,no_irony
149019102713880576,anger,megharrisonn,Why caant I sleep,explicit anger,anger,no_irony
814274081277280256,irony,Alpha_MasterEvi,"Such a kind-hearted guy, this young man. Labor rights? Pfft! Overrated, who needs that shit?   https://t.co/r0nklSivrh",repressed anger,anger,irony
1965741911,no_anger,anetjay,I'm really nervous about giving a speech at a wedding tomorrow,normal,no_anger,no_irony
143175435600142336,anger,kayschick_,when you have to explain something to your gma 100000 times.... <<<<,explicit anger,anger,no_irony
814150778877341696,no_irony,answerstoquest,What's your worst fear? #fatalfamilialinsomnia #keepsmeupatnihght,normal,no_anger,no_irony
139816558015950848,anger,SpanishRain27,It took me 3 hours to do my hair,normal,no_anger,no_irony
814510928867815425,no_irony,GigaTigga,"@JohnLegere ""Sprint is talking about future network improvements, what about currently!"" #hypocracy   https://t.co/1xPUhJ8vms",repressed anger,anger,irony
140377622193508352,no_anger,BCoolLikeAlan,So mad I missed @Wale #disappointed,explicit anger,anger,no_irony
135377322600706048,no_anger,jesswardle,Shower then getting ready 4 tonightaa #excited!,normal,no_anger,no_irony
137558077837807616,anger,PSUGill014,Guess I'll give the NY deer herd a break for a year.,normal,no_anger,no_irony
136923051374813184,no_irony,SMLMitchell,Black Friday can't come fast enough! #anxious #impatient #hurryup,normal,no_anger,no_irony
143022585968467969,anger,KatieMollo,Hey guy who came 2 weeks ago & said our furnace was fine- its not working AGAIN so thanks for that. #cold,repressed anger,anger,irony
144521557987950593,anger,Emmalee_cc,Three 11/12 year olds at my house .   .,normal,no_anger,no_irony
142502377491140608,no_anger,AhhmandaPlease,If only she knew the truth... #sad,normal,no_anger,no_irony
135880639823097856,anger,Haybugx3,I hate when I can't figure out what I'm hungry for #firstworldproblems,explicit anger,anger,no_irony
147678866083807233,no_irony,chughes15,This is ridiculous - lying in bed crying because of @timminchin. Because of a SONG #whitewineinthesun #notdrivinghomeforchristmas #homesick,normal,no_anger,no_irony
1957204970,no_irony,audreywilles,bed. with stomach ache,normal,no_anger,no_irony
149224319459917824,anger,Kaitlincapps888,The next person that touches me in this car is going to get slapped,explicit anger,anger,no_irony
141352377142886400,anger,gabby_cassidy,Come on how manny more times do i need to remind you we need to go to walmart!!!!,explicit anger,anger,no_irony
140143012004110336,no_anger,annieison,Finally in Norwich :) only seen 30 stobarts!! Now waiting for the wife #excited,irony,no_anger,irony
146440805047996416,anger,N_Garback,thinking about jews jk,normal,no_anger,no_irony
146421957695520770,no_irony,OmfgDylan,Where are my parents #nervous -.-,normal,no_anger,no_irony
135073305974681600,no_irony,FearlessRiOT,I just read on @divadirt that @IvelisseWWE is going to FCW soon! #Excited,normal,no_anger,no_irony
139378002072059904,no_irony,theeREALJonJohn,"If ure ALIVE today, be grateful... somebody else isnt. Appreciate what u have while u have it... including the ability to breathe. #thankful",normal,no_anger,no_irony
811217334312505344,irony,BuddeDavid,"Since playing ""offense"" in Afghanistan and Iraq worked wonders in keeping terrorism away   https://t.co/KHWb3eSuDc",irony,no_anger,irony
149350893286989824,anger,Javiiquepaso,Fucking #Hate Everett And The People in it -__-,explicit anger,anger,no_irony
143031155518734336,anger,taybaetator,are you effing kidding me. thats so,explicit anger,anger,no_irony
138502860886392832,no_anger,MsLuvIMJ,Death to computers! J/K I think it's simply time to stop wrking and go to bed...enough is enough...I can take a hint *flips on tv*LOL #sad,explicit anger,anger,no_irony
809474170824302592,no_irony,Witticisms_R_us,Screw you coffee mug https://t.co/woLVvpD0be   #WitticismsRus #funnygift #Funny_gift https://t.co/w6j3iAU8DV,normal,no_anger,no_irony
1960389973,no_anger,lilacpixie,@iskrin rubbish!,explicit anger,anger,no_irony
143926274384080896,no_irony,daliaabdelnaby,i get so frustrated when i text multiple people at a time because i always send the wrong thing to the wrong person #embarrassing,explicit anger,anger,no_irony
138046752421986304,anger,ashley_tofani,"Seriously people, learn from the past",normal,no_anger,no_irony
136868216789147648,no_irony,SkeetDdy15,To the hospital I go.. #nervous,normal,no_anger,no_irony
142421190831652865,no_anger,Crobic1,S/o to @Glaumanator  for being the king of the hypesquad! #Proud #FairfaxBasketball,normal,no_anger,no_irony
1752918469,no_irony,IIanS,@rjramos very cool,normal,no_anger,no_irony
139180704247455745,anger,itsMach,@zacharyciciera it's the cudi mix tape,normal,no_anger,no_irony
146709202293886976,no_anger,kendykiogora,"The moon is beautiful,the moonlight is stunning,wea my boyfriend be.....#depressed.",normal,no_anger,no_irony
1696004632,no_irony,kellyoneill,@neonbutterfly1 Thank you! I hope you saw the 2nd one I posted - the 1st won had some wonky color thing happening.,normal,no_anger,no_irony
135681290161762305,no_irony,tatianaamariee7,coming home tomorrow <3 #homesick #pumped #missmygirls @daniellehyatt8 @LUVxoxSARAH,normal,no_anger,no_irony
149830553724665856,no_irony,LOCsLove87,my baby is so beautiful #love,normal,no_anger,no_irony
812074700092436480,no_irony,newby_80,Mind blown   https://t.co/5r2qDvot8u,normal,no_anger,no_irony
143785150524829696,no_irony,bettyboopnews,@Roberto_MY oh my goodness no! xoxoxo :) sending #love,normal,no_anger,no_irony
1753030069,no_irony,frankiefurter,Talking to amber... showtime baby,normal,no_anger,no_irony
136926040126783488,anger,CraigBeaumont,"No and know, two simple words yet people can't get them right!",explicit anger,anger,no_irony
141951657805225984,no_irony,cu_corp,"@kiki_snowdrop jst come, u cud get dem on sat nw?? #sad#",normal,no_anger,no_irony
144147437802618880,no_anger,JizzyBohnson,Hanging out with shayla tonight:) #excited,normal,no_anger,no_irony
808685703727038464,irony,SearinglyAaron,But hey it was all innocent   #emolumentsclause https://t.co/97j7pCBq3J,irony,no_anger,irony
135210935588626432,no_anger,reeferr0ad,omg  Harry Potter came out today!!!!! :) #excited,normal,no_anger,no_irony
1957233257,no_anger,Hail_zzz,Gonna go watch Shorty Street &amp; then prison break marathon then bed maybe. Nobodies texting me!,normal,no_anger,no_irony
135907310135549952,no_irony,afemaleking,"i be there for everybody , stay true , faithful , and i get lied too smh #hurt",normal,no_anger,no_irony
147502043463036928,no_anger,ThomasPHoang,I'm going to wake up tomorrow thinking its Saturday #happenseveryweek #sad,normal,no_anger,no_irony
148670728114421761,anger,shawniebme,its cool when niggas wake shit up..... but when you TRYNA sleep,repressed anger,anger,irony
817773060296232960,no_irony,mortensi,Let's start the year with   https://t.co/2ywr0LL40B,normal,no_anger,no_irony
137358051018678272,no_irony,VirtuousKathie,thats not what i wanted at all!!! #disappointed...,explicit anger,anger,no_irony
144277410416836609,anger,Cuzzin_Skeeter,I hate mindless behavior but heard Mrs Right like 10mins ago n got it stuck in my head,explicit anger,anger,no_irony
134857695407767554,no_anger,newsonista,"@IneedAtvJob money...the root of all evil, apparently talks louder than the welfare of children #sad",explicit anger,anger,no_irony
145102193106751488,anger,taylor_HDKN,"O2 is down for me, fucking hate this! Lucky I have wi-fi for twitter and facebook but bbm still won't work",explicit anger,anger,no_irony
815218657429229568,irony,exgag,Relationship talks. #exgag #exgagtale #exgagjoke   #relatable #scribbletale #inspire #humour #writer‚Ä¶ https://t.co/joiluqQYbZ,irony,no_anger,irony
149233716529602560,anger,fSangiacomo_,One thing happens and the whole fucking family knows.   #myob,explicit anger,anger,no_irony
1957617858,no_irony,emma_BMTH,"laughed so much today over that picture of lauren, that my chest hurts.",normal,no_anger,no_irony
140976561343037440,anger,AllieAguirre,I hate it when you unfollow somebody but they still keep popping up on your timeline.,explicit anger,anger,no_irony
1753115681,no_anger,gilliummm,@rainbowmonkeys_ that is not even a question. when/when is the question,normal,no_anger,no_irony
812528295841435648,no_irony,JakeHathaway69,When a song ironically about irony but in itself is not actually ironic is used in a non ironic situation   https://t.co/Od0uMoLTts,normal,no_anger,no_irony
137683468229419008,no_irony,missienelly,Looks like I have to return my kindle touch huhuhu... Because Derrick is getting kindle fire from his boss!!! :) #happy,normal,no_anger,no_irony
147691727308849153,no_anger,simelion,Got the best secret Santa today from @Mainey123 #love,normal,no_anger,no_irony
811268365071183873,irony,VekaFitzfrancis,But hashtag activism works! Just like how it saved all those girls from Boko Haram!   https://t.co/Q3foQFr7ch,irony,no_anger,irony
144945022570217472,no_irony,madixclark,Watching Your Body: On Drugs on Discovery Channel. #edgelife #proud,normal,no_anger,no_irony
149153287726317568,no_anger,CourtneeKisses,@c_merg I'm gonna miss you BIG CUZ :(#sadness,normal,no_anger,no_irony
1753729230,no_anger,sweetjennytini,@junebugshhh life is funny and ironic at the same time isn't it?,normal,no_anger,no_irony
139565392287895552,no_irony,drakesmommy15,So thankful for my family and friends. And alll the blessin the good Lord has given me. #thankful,normal,no_anger,no_irony
149569873322852352,no_irony,dabeauty_B,i jus wanna see my mommy...hug & kiss all over her #homesick,normal,no_anger,no_irony
135325244373217280,no_irony,jellis114,This weekend looks like its gunna be boring as fuck #disappointment,explicit anger,anger,no_irony
144116071027310592,no_anger,lllaw17,feelin some type of way #happiness,normal,no_anger,no_irony
142008704710090752,no_irony,Sydney_DPort,"@abbykozyra hahahaha love you Abby, you're the only one who ever talks to me on twitter<3 #thankful",normal,no_anger,no_irony
147922575538929665,no_anger,isabelnadinee,In love there are two things: bodies and words. #quote #love,normal,no_anger,no_irony
139241607542226945,anger,pmutuma,@RevdRoy they're not making it?!!! But why. Why would they give us hope then not make it?. I mean that's just cruel. #disgust,explicit anger,anger,no_irony
817860217346158592,no_irony,BulldogRevvy,@AdamPowers13 @soywateratoms @DanFrijoles LOL Best Comeback 2017!!! üëèüëåüëçüòÇ,normal,no_anger,no_irony
145661114036920321,no_irony,callieqwigga,two weeks exactly till tha fat man comes..#excited.,normal,no_anger,no_irony
1957461549,no_irony,Tow411,sometimes spam leaks in to the message board.,normal,no_anger,no_irony
814830678814654464,irony,BullCityVA,@Boobaloo Criticizing virtue signaling is itself virtue signaling.,irony,no_anger,irony
144927184765722624,no_irony,jamiefoster22,Sleeping downstairs tonight with the dog while he's abit groggy and struggling get up stairs. Hopefully he's back on form tomorrow. #love,normal,no_anger,no_irony
136165904932290561,anger,Jewelz_84,"Why must ppl play on my phone, fb....  Seriously!   #geturgrownon",explicit anger,anger,no_irony
149616456148066304,anger,JasonSackey,"Starting to hate my phone just deleted all my contacts again, can't be bothered anymore",explicit anger,anger,no_irony
135148561158520832,no_anger,Chadsmall60,Extremely upset that I cannot listen to the devils tonight because WMOV decides to implement a subscription cost @RunThisTownJB #unhappy,explicit anger,anger,no_irony
145952471213281280,no_anger,emilypowe_,#T4STARS was so much fun with @KatieJackson9! now #xfactorfinal #tense,normal,no_anger,no_irony
1966274031,no_anger,ellaireyantis,"@JoeRuiz Ahhh, I slept through the game.  I'm gonna try my best to watch tomorrow though. I hope we play Army.",normal,no_anger,no_irony
147485681285992449,anger,AmmarMokhtar,I do miss my laptop :( i'm really suffering without internet connection!!   :(,normal,no_anger,no_irony
140061685779136512,no_irony,toriland621,GOT THE BEST PRESENT FOR @RussellWindsor !!!!! AHHHH !!! #excited,normal,no_anger,no_irony
1751466252,no_anger,mizsprieta,watching Star Trek and next to watch it at the movie theater 'cause the movie is really worth it...,normal,no_anger,no_irony
810635702966845442,no_irony,richardt59,RT @thebleekerd: True! üòÅüëçüëå #artüé®   https://t.co/CE9Vwq1hGu,normal,no_anger,no_irony
1962745925,no_irony,PrincessMandyA,My new camera... http://tinyurl.com/l8pde3 ... RIP my hot pink Polaroid i733,normal,no_anger,no_irony
137752963899863041,anger,Tursch11,We will fade into darkness,normal,no_anger,no_irony
139012369459322880,no_irony,ryanbrock,Congrats to my lovely wife @kristen_brock on her new position as an RN at the Riley NICU! Hooray for dream jobs! #seriously #awesome #pride,normal,no_anger,no_irony
147812280489357312,no_anger,_xSIMBA,NOTHING Happy Is Gonna Come Out Of This Night. #sad,explicit anger,anger,no_irony
146753922952986625,no_irony,TANDANgo,Tonight is an advil pm night... too much on my mind to sleep on my own. #depression,explicit anger,anger,no_irony
817761257365405696,irony,denisevali,So nice to have waited two hours in -10 degree weather for tickets to Obama's farewell speech and NOT GET ANY.,repressed anger,anger,irony
141207215951454208,anger,d_erlanson19,@NicKPreTzel i have a few choice words for you,normal,no_anger,no_irony
809355569857433600,irony,Julifffff,That awkward moment when your   is so advanced that people actually think u r stupid ... üôÑ,repressed anger,anger,irony
135848228783529985,no_anger,ShortEaston,Watching Facing the Giants #love,normal,no_anger,no_irony
139399667195711488,no_irony,macimar,My Thanksgiving 4 day weekend starts right now!!! Yaayyy #happy,normal,no_anger,no_irony
1957714261,no_anger,the8bitch,it's almost comforting to know all LDN people not working on this beautiful day will get skin cancer.... I want out of this office now,explicit anger,anger,no_irony
149540306205933569,no_irony,Leanne_Pinney,Oh Em Gee im so bored! Just want it to be christmas day!!! #excited!,normal,no_anger,no_irony
1752290016,no_irony,Jasperblu,@GoodNightIrene Thanks lady!!,normal,no_anger,no_irony
1963391879,no_anger,DJSamIAM,"@MissLordy If u don't win u can always roll on my pass lol, I don't have anyone to take",normal,no_anger,no_irony
142098507883487234,no_irony,juliomrtnzzz,@carmelamelamela he never gives me trumpet 1 stuff #sad LOL,normal,no_anger,no_irony
143713961488023552,no_irony,2wicky,"First day of schoo...err, work!! #excited",normal,no_anger,no_irony
139995524039315457,no_anger,EdjoFrank,will you hold my hand ~ when I turn my face to you ~ outside in the rain #haiku #micropoetry #love,normal,no_anger,no_irony
808915152187826177,irony,mymyforever,"most people are just in love with the idea and feeling of being and love, bc they wanna be loved but aren't actually in love",normal,no_anger,no_irony
149458085679869953,no_irony,xkellyheggeler,SANDRO SILVA & QUINTINO - EPIC . #love,normal,no_anger,no_irony
142418186791424000,anger,talllbabyy,Start strong finish strong.. i gotta get back asap to help my time.,normal,no_anger,no_irony
817130333804134402,no_irony,Cliffoneofus,"1x02 preview, Cliff one of Us. #OCD #OCDProbs #mentalhealth #obsession #obsessivecompulsivedisoder  ‚Ä¶ https://t.co/CjwaOiU44K",normal,no_anger,no_irony
1753582959,no_anger,IsaMilano,"@LittlestarRed Oh you understand French?  Well, maybe I exxagerated it a little bit lol but they all want at least 1/2 years of exp. :-/",normal,no_anger,no_irony
816114112354729984,irony,Always_Right_Ok,Of course he's going to wait until the last rose to pick Liz. WOAH the climactic ending! #bachelornation #thebachelor,irony,no_anger,irony
136611636525019136,no_anger,corrinnie,GLEE DOES GAGA. AGAIN =) #LOVE,normal,no_anger,no_irony
144345630381326336,no_irony,blondie_3108,Hump day.. Only two more days until the weekend #excited,normal,no_anger,no_irony
138580888874258432,anger,alecwildingg,There's no need to complain about a two day week.... We only have two days if school... Better than a full week so stop complainin,repressed anger,anger,irony
807876660171276290,irony,HassettHelen,I love waking up at 4am in extreme amounts of pain and it not being strep so I can't get medicine for it,repressed anger,anger,irony
811235144753356801,no_irony,dazyjane410,RT @kayak247: @TheDailyEdge @SenateMajLdr @HuffPostPol who has the time? we need investigate Benghazi again.   needs to be pointed o‚Ä¶,normal,no_anger,no_irony
149716590638804992,no_irony,Shanny_Smith,Katelynn feels exactly the same way toward vegetarians as i do #surprised #ranting,normal,no_anger,no_irony
1965249326,no_irony,LukeStratford,@AKARA it was hours ago i came in.... and it's only now i realised when i went to buy something online,normal,no_anger,no_irony
147112668174626817,anger,nacolunga,Don't ask me to do something and not tell me why.,normal,no_anger,no_irony
134863458461155328,no_irony,katiekasperian,@MadissonNicoleM so nasty. rightt ?! like they only have 2 friends. . . #embarrassing,explicit anger,anger,no_irony
146501546853675008,no_anger,Sophiaakinyemi,2012 Is Going To Be My Year ! #EXCITED #NOONECANBREAKTHIS,normal,no_anger,no_irony
148892393054281730,no_anger,kkennelly5,@abbbyboltonnn @carlipusanik @sarahmckee5 same I can't wait any longer #anxious,normal,no_anger,no_irony
139932271787507713,anger,QueenBrex0,Everyone is annoying the shit out of me. I just need to be left alone,explicit anger,anger,no_irony
1966183373,no_anger,hshawjr,"I had a new work picture taken today, hated it, it looks too much like me http://bit.ly/PHjUR",explicit anger,anger,no_irony
812110846855888896,irony,Spiggitzfan,"When Dems defend Civil Rts of women & minorities, GOP sneers ""identity politics."" GOP is fine being the party of white supremacists.",repressed anger,anger,irony
141792978523004928,no_anger,deannaellen,late night tweet when your upset & can't sleep #depressed,explicit anger,anger,no_irony
1752749239,no_anger,__TereBleu,@justinbrighten happy birthday justin! have a lof of fun!!! God bless,normal,no_anger,no_irony
814194462943481857,no_irony,Author_MJLogan,Sometimes the   of leftist #hypocrisy astounds me. https://t.co/Nrf7GReT8H,explicit anger,anger,no_irony
809511633106124800,irony,Shardell6,"@realDonaldTrump And so ""Big Brother"" Trump speaks again! Only he is the source of Truth! Media is evil. Free speech is evil!",repressed anger,anger,irony
143460866975731712,no_anger,How_The_Dust,Getting tackled by the kicker #embarrassing,explicit anger,anger,no_irony
1962899302,no_anger,MOBEANZ,ps it's rainging,normal,no_anger,no_irony
812810608471113728,no_irony,TurntUpTshirts,@lauracgilleslil Introverts Unite We're Here And #Funny   #Tshirt Buy This Tshirt Here-->&gt;&gt;‚Ä¶ https://t.co/x1ceQW5TQV,normal,no_anger,no_irony
146076051964039168,anger,christinaemilyy,I have no clue how to do this dumb shitt‚Äú@laurenmiloshhh: i officially hate my chemistryy class . i always get homework  ‚Äù,explicit anger,anger,no_irony
146344114328322048,no_anger,hopefaithl0ve,really looking forward to spending christmas with my baby...I wonder what he decided to get me. hmmmm...#anxious lol,normal,no_anger,no_irony
144633664951685120,no_irony,Zach_Smitty03,Today was okay.... but on the bright side tomorrow is a new day #thankful,repressed anger,anger,irony
138854501355499521,no_irony,Blessed_is_me,I should have stayed sleep,normal,no_anger,no_irony
1962737639,irony,Gigixita,@so_precious06 sooo mad,irony,no_anger,irony
1957725236,irony,Leeuwin60,@Kellyke28 You poor thing  Hang in there. -xxx- luf joe,repressed anger,anger,irony
141352799870001153,no_anger,elisa_carlin,@NCG_Swag another smoothie date failure #Disappointed,normal,no_anger,no_irony
137033668748251136,no_anger,MeliMatamoros,"@SusanSizemore after my exams, im totally re-reading all of your books! :)..#anxious",normal,no_anger,no_irony
1966226334,no_anger,RantzHoseley,GAH! I have the headache from hell. Reminds me what my lovely wife goes through all too often,normal,no_anger,no_irony
144608911683616768,anger,Jack_Markwardt,@KevinSHC Ennius can't do ANYTHING right tonight,normal,no_anger,no_irony
816828442364743681,irony,PereraWorld,#lol #funny #comedy   my hobbies include staying up until 2 am for no reason and being exhausted the next day,explicit anger,anger,no_irony
